team,number,miles,person,penalty,speed,capacity,external,completion,derate,total-ext,score
Poly Montreal,55,522.90,"1,045.80",3.15,29.95,9.16,0.01,81.68,0.85,9.17,79.37
App State,828,636.30,"1,272.60",3.15,30.32,22.47,12.19,99.50,1.00,34.66,36.53
Minnesota,35,500.85,"1,001.70",3.15,31.39,23.33,15.54,78.22,1.00,38.87,20.16
Iowa State,9,400.05,800.10,37.80,32.52,17.64,9.62,56.93,1.00,27.26,16.71
MIT,4,166.95,333.90,3.15,25.15,14.31,0.01,25.74,0.38,14.32,2.30
Georgia Tech*,49,0.00,0.00,0.00,,,0.00,0.00,,,0.00
Western Ontario*,96,0.00,0.00,0.00,,,0.00,0.00,,,0.00
McMaster*,116,0.00,0.00,0.00,,,0.00,0.00,,,0.00
modified,23 Jul 2024 - 07:11PM Central Daylight Time,,,,,,,,,,
